"Identifier","Biomaterial_type","Sequences","Source"
"NM_001297740.2","Nucleotide",">NM_001297740.2 Homo sapiens tubulin folding cofactor A (TBCA), transcript variant 3, mRNA
CTAAATAGCCGCAGCCTCTGCGCGTCGCCCTCCACGGTTACCCCGGCTCTCCGCCCCTCCTTCTCGCGGC
GCTCGAGGGACCATGGCCGATCCTCGCGTGAGACAGATCAAGATCAAGACCGGCGTGGTGAAGCGGTTGG
TCAAAGAAAAAGTGATGTATGAAAAAGAGGCAAAACAACAAGAAGAAAAGATTGAAAAAATGAGAGCTGA
AGACGGTGAAAATTATGACATTAAAAAGCAGGAAAATGAAAAAGACTTGGAAGAAGCTGAGGAATATAAA
GAAGCACGTTTAGTACTGGATTCAGTGAAGTTAGAAGCCTGAAACTTTTCTCGTATGGGGTGGTTTTTGC
ATTAAATCCTGGGGTCCATTTTACAATCCATTATTTTTGACCACTGCTATGTGTTCAAGTAGTATGAGAA
TGTGATTGTTTTTATCTGGTTACATATATATTTCTTTGTCTAATTTAATATGTCAAATAAATGAGTTCAT
CTAATAAAATTGTTTATTTTATACTTTACAAAATTTTTAAATTAACCTTTTATCATTAAACCACATAGAC
TTTATGACAGAGAA","Homo sapiens"
"NM_001297738.2","Nucleotide",">NM_001297738.2 Homo sapiens tubulin folding cofactor A (TBCA), transcript variant 1, mRNA
CTAAATAGCCGCAGCCTCTGCGCGTCGCCCTCCACGGTTACCCCGGCTCTCCGCCCCTCCTTCTCGCGGC
GCTCGAGGGACCATGGCCGATCCTCGCGTGAGACAGATCAAGATCAAGACCGGCGTGGTGAAGCGGTTGG
TCAAAGAAAAAGTGATGTATGAAAAAGAGGCAAAACAACAAGAAGAAAAGATTGAAAAAATGAGAGCTGA
AGACGGTGAAAATTATGACATTAAAAAGCAGGCAGAGATCCTACAAGAATCCAGGATGATGATCCCAGAT
TGCCAGCGCAGGTTGGAAGCCGCATATTTGGATCTTCAACGGATACTAGTAAGCAAAGACTTCTGTGTCA
TGTTTAAATTTTTTTTTTCAATCCAATACATGGAAAGCCAAAAGTTTAAATATTTAACACTGAGAACTAG
TTGGCAGTATTTCTTATTCACTTGCCCTTTATACCGCTATATTTTAAAATAATTAATGGAGTTTAAATTG
TGTTTTGAATTATGCCTCCAGTAAAAGTACTGTTTTCTAGCATGTTTGTTCAGTTTATTAAAATTTAGCT
AGTTAAATTTATTTAAGTTATGATAGTACCAGTATTGTCCAGCAATGTCTTGATTATTTGGTTTTCATAC
ATAAAGATCTTTTGAGACATTGAGGATGAGTTGACTGATTAAAATTTTAAAAGATCTAATGTTTCAAAAG
AATTTGGGATCTTATTAAAAGGATCTTGAATTCTTTCACATTCAAACCTAGATCAGTTTGAGAGGGGGAA
AAAACCTGGTAATCTATGTAGTCCCCTCATACTAACTTGGAGCTGAATAACACTTATACTTGCTGGTATA
AATGCCTTGTGATACAGAAGGTAGATAAAGCAGGAAATAATAACTGTTAAAATACTATCTAAGACAGGAA
GCATCATTTGTATTTCTTGACAGTTTAAATGCTTTTTTCTCTCATGAATCTAGTAGCTGAGAAAGTAATA
GAAATTGCTTGGAAAAAAATAATGTTGGCCGCCAGGTGCAGTGGCTCATGCCTGTAATCCCAGCACTTTG
GGAGGCTGAGGTGGGTGGATCACGAGTCAGGAGTTCAAGACCAGCCTGACCAACATGGTGAAATCCTGTC
TCTACTAAAAATACCAAAATAATAATAATAATAATAATGTATTTGGATGATATATTTGTATGTGAAGATG
TATTCAACAATATCTCTGCCCTTGAAGAGCTTGTATTTACTAACAGAGAACAAAGATGTGTTTAAGGTAT
AACATGGAGGTTTAAGAAATTCTTACGTATAGTTTGAGCTAAGCAAATTCTCAGTCGTTTTGCTTTCAGT
TTTCATATTAAATACACACATACTTTATTTCCTCTACTGTTTGTATATCTCCATCTTTTATTGACCTGAC
ATAAATTGCTAACCATAGCTTCATTTAAAAATCAAACAAAATTTCCTGTGTACTTTAGATAATATTATTT
CATTTGTCTGTTATCATTACAATATATTAGTAAAAGTTGCCTGTATATCAGTATTATGGAAAAACTCAAT
CTTTAAATATCAGAAAATGAAAGATGTATTTTGTTTCCTTTAGTGTAGGGTATGTAATACCCATTAGCAA
GCAGGCAATTCATTTGTTTAATTCAAAGATTATATTTAACTCTGTTGTGACATCAGAAGCCTTCTTTGTC
ATTGTGAATAGTCAGTGGATTATTTTGGCCTGAATGCTGTCATATATGTAACATGTTAGTAAATCTTCCT
TTTTACTTTTCTCTTTTGTATGATGATGATGGGTCAACAAAATGAGAATAAACTTTTTCTGAGGTTTTTA
TTTAATTAATGCTGGTAGCTTTAGAAGACTGTTATTCACTTATTTTATGAGAATATATACAGTGAAACAA
AACCACCAGTTATTTCTTCCTTTCCTTGTAAAGAAGGAACAGAATGTGGGAAACCTGTGGAATTACAATA
TATTTAGATGAGGCTTGGGATTTTTTACTTTTAATTTTTTAGTTATTAACATTAATGGTTTGTAATATTT
GAGTAAATAACAAAGTACTGAAACTTGAAAAGGATAAACTTAATTTTTATTGTATTTCATTTTAGGAAAA
TGAAAAAGACTTGGAAGAAGCTGAGGAATATAAAGAAGCACGTTTAGTACTGGATTCAGTGAAGTTAGAA
GCCTGAAACTTTTCTCGTATGGGGTGGTTTTTGCATTAAATCCTGGGGTCCATTTTACAATCCATTATTT
TTGACCACTGCTATGTGTTCAAGTAGTATGAGAATGTGATTGTTTTTATCTGGTTACATATATATTTCTT
TGTCTAATTTAATATGTCAAATAAATGAGTTCATCTAATAAAATTGTTTATTTTATACTTTACAAAATTT
TTAAATTAACCTTTTATCATTAAACCACATAGACTTTATGACAGAGAA","Homo sapiens"
"NP_001284669.1","Protein",">NP_001284669.1 tubulin-specific chaperone A isoform 3 [Homo sapiens]
MADPRVRQIKIKTGVVKRLVKEKVMYEKEAKQQEEKIEKMRAEDGENYDIKKQENEKDLEEAEEYKEARL
VLDSVKLEA","Homo sapiens"
"NP_001373429.1","Protein",">NP_001373429.1 serine/threonine-protein kinase mTOR isoform 1 [Homo sapiens]
MLGTGPAAATTAATTSSNVSVLQQFASGLKSRNEETRAKAAKELQHYVTMELREMSQEESTRFYDQLNHH
IFELVSSSDANERKGGILAIASLIGVEGGNATRIGRFANYLRNLLPSNDPVVMEMASKAIGRLAMAGDTF
TAEYVEFEVKRALEWLGADRNEGRRHAAVLVLRELAISVPTFFFQQVQPFFDNIFVAVWDPKQAIREGAV
AALRACLILTTQREPKEMQKPQWYRHTFEEAEKGFDETLAKEKGMNRDDRIHGALLILNELVRISSMEGE
RLREEMEEITQQQLVHDKYCKDLMGFGTKPRHITPFTSFQAVQPQQSNALVGLLGYSSHQGLMGFGTSPS
PAKSTLVESRCCRDLMEEKFDQVCQWVLKCRNSKNSLIQMTILNLLPRLAAFRPSAFTDTQYLQDTMNHV
LSCVKKEKERTAAFQALGLLSVAVRSEFKVYLPRVLDIIRAALPPKDFAHKRQKAMQVDATVFTCISMLA
RAMGPGIQQDIKELLEPMLAVGLSPALTAVLYDLSRQIPQLKKDIQDGLLKMLSLVLMHKPLRHPGMPKG
LAHQLASPGLTTLPEASDVGSITLALRTLGSFEFEGHSLTQFVRHCADHFLNSEHKEIRMEAARTCSRLL
TPSIHLISGHAHVVSQTAVQVVADVLSKLLVVGITDPDPDIRYCVLASLDERFDAHLAQAENLQALFVAL
NDQVFEIRELAICTVGRLSSMNPAFVMPFLRKMLIQILTELEHSGIGRIKEQSARMLGHLVSNAPRLIRP
YMEPILKALILKLKDPDPDPNPGVINNVLATIGELAQVSGLEMRKWVDELFIIIMDMLQDSSLLAKRQVA
LWTLGQLVASTGYVVEPYRKYPTLLEVLLNFLKTEQNQGTRREAIRVLGLLGALDPYKHKVNIGMIDQSR
DASAVSLSESKSSQDSSDYSTSEMLVNMGNLPLDEFYPAVSMVALMRIFRDQSLSHHHTMVVQAITFIFK
SLGLKCVQFLPQVMPTFLNVIRVCDGAIREFLFQQLGMLVSFVKSHIRPYMDEIVTLMREFWVMNTSIQS
TIILLIEQIVVALGGEFKLYLPQLIPHMLRVFMHDNSPGRIVSIKLLAAIQLFGANLDDYLHLLLPPIVK
LFDAPEAPLPSRKAALETVDRLTESLDFTDYASRIIHPIVRTLDQSPELRSTAMDTLSSLVFQLGKKYQI
FIPMVNKVLVRHRINHQRYDVLICRIVKGYTLADEEEDPLIYQHRMLRSGQGDALASGPVETGPMKKLHV
STINLQKAWGAARRVSKDDWLEWLRRLSLELLKDSSSPSLRSCWALAQAYNPMARDLFNAAFVSCWSELN
EDQQDELIRSIELALTSQDIAEVTQTLLNLAEFMEHSDKGPLPLRDDNGIVLLGERAAKCRAYAKALHYK
ELEFQKGPTPAILESLISINNKLQQPEAAAGVLEYAMKHFGELEIQATWYEKLHEWEDALVAYDKKMDTN
KDDPELMLGRMRCLEALGEWGQLHQQCCEKWTLVNDETQAKMARMAAAAAWGLGQWDSMEEYTCMIPRDT
HDGAFYRAVLALHQDLFSLAQQCIDKARDLLDAELTAMAGESYSRAYGAMVSCHMLSELEEVIQYKLVPE
RREIIRQIWWERLQGCQRIVEDWQKILMVRSLVVSPHEDMRTWLKYASLCGKSGRLALAHKTLVLLLGVD
PSRQLDHPLPTVHPQVTYAYMKNMWKSARKIDAFQHMQHFVQTMQQQAQHAIATEDQQHKQELHKLMARC
FLKLGEWQLNLQGINESTIPKVLQYYSAATEHDRSWYKAWHAWAVMNFEAVLHYKHQNQARDEKKKLRHA
SGANITNATTAATTAATATTTASTEGSNSESEAESTENSPTPSPLQKKVTEDLSKTLLMYTVPAVQGFFR
SISLSRGNNLQDTLRVLTLWFDYGHWPDVNEALVEGVKAIQIDTWLQVIPQLIARIDTPRPLVGRLIHQL
LTDIGRYHPQALIYPLTVASKSTTTARHNAANKILKNMCEHSNTLVQQAMMVSEELIRVAILWHEMWHEG
LEEASRLYFGERNVKGMFEVLEPLHAMMERGPQTLKETSFNQAYGRDLMEAQEWCRKYMKSGNVKDLTQA
WDLYYHVFRRISKQLPQLTSLELQYVSPKLLMCRDLELAVPGTYDPNQPIIRIQSIAPSLQVITSKQRPR
KLTLMGSNGHEFVFLLKGHEDLRQDERVMQLFGLVNTLLANDPTSLRKNLSIQRYAVIPLSTNSGLIGWV
PHCDTLHALIRDYREKKKILLNIEHRIMLRMAPDYDHLTLMQKVEVFEHAVNNTAGDDLAKLLWLKSPSS
EVWFDRRTNYTRSLAVMSMVGYILGLGDRHPSNLMLDRLSGKILHIDFGDCFEVAMTREKFPEKIPFRLT
RMLTNAMEVTGLDGNYRITCHTVMEVLREHKDSVMAVLEAFVYDPLLNWRLMDTNTKGNKRSRTRTDSYS
AGQSVEILDGVELGEPAHKKTGTTVPESIHSFIGDGLVKPEALNKKAIQIINRVRDKLTGRDFSHDDTLD
VPTQVELLIKQATSHENLCQCYIGWCPFW","Homo sapiens"
"NP_056991.2","Protein",">NP_056991.2 cytosol aminopeptidase [Homo sapiens]
MFLLPLPAAGRVVVRRLAVRRFGSRSLSTADMTKGLVLGIYSKEKEDDVPQFTSAGENFDKLLAGKLRET
LNISGPPLKAGKTRTFYGLHQDFPSVVLVGLGKKAAGIDEQENWHEGKENIRAAVAAGCRQIQDLELSSV
EVDPCGDAQAAAEGAVLGLYEYDDLKQKKKMAVSAKLYGSGDQEAWQKGVLFASGQNLARQLMETPANEM
TPTRFAEIIEKNLKSASSKTEVHIRPKSWIEEQAMGSFLSVAKGSDEPPVFLEIHYKGSPNANEPPLVFV
GKGITFDSGGISIKASANMDLMRADMGGAATICSAIVSAAKLNLPINIIGLAPLCENMPSGKANKPGDVV
RAKNGKTIQVDNTDAEGRLILADALCYAHTFNPKVILNAATLTGAMDVALGSGATGVFTNSSWLWNKLFE
ASIETGDRVWRMPLFEHYTRQVVDCQLADVNNIGKYRSAGACTAAAFLKEFVTHPKWAHLDIAGVMTNKD
EVPYLRKGMTGRPTRTLIEFLLRFSQDNA","Homo sapiens"
"XM_001416147.1","partial mRNA",">XM_001416147.1 Ostreococcus lucimarinus CCE9901 Ddx49-related DEAD box helicase superfamily II protein (Ddx49), partial mRNA ATGACCTCTTTCGACAAGCTTGGTTTAAGCGGCGTACTGCTACGTAATATTCGGCAGCTAGGTTTTACAG AGCCTAGTTCTGTGCAAAAGTCTTGCATCCCGCCGATCCTTCAGGGAAGGGATGTCATCGGCATTGCCAA CACAGGAAGTGGAAAAACAGCTGCCTTTGCCCTGCCCGTTGTGCACGTATTGAGTGTAGACCCACATGGC GTCTTTGCGCTCTGCCTTAGCCCTACGCGGGAACTGGCCTATCAGATAGCTGAACAGTTTGCAGTTTTCA GCGTCGGAATGTCTCTCAGGTGTGAAGTGGTAATTGGTGGTGAGGACCTACTTCGACAGGCCAGCTCACT ATCGAAACGTCCGCATATTGTTGTCGCAACGCCTGGACGTTTACTAGAGCACTTCATGCACTCCTCTGAT ACCATAGAATGCTTTCAGAGACTCAAGTTCTTGATTTTAGACGAGGCGGATAGACTTCTAGATTCCTCCT TTGAGGCTGAGCTCCGATATCTGTTGACAAATTTGCCACAGAAGCGCCAGACTCTGATGTTTTCTGCCAC CATAACACCAAGCGTTATAGCACTCAAGCCACTCCTCGGTCAACGTGCTTTCTACTATGAAGAAAAAGGT GAATTAACGACGCCCACCGGGTGCGCGCAATACTACTGTTTCATGCCCGAAAAAGTCAAGGATACGTACT TGGTTCACGTGTTGAGAGAACTTGTGTCAAGCAAGTCCACACGCGCCATGATATTTTGCCCTACAGTTCA GAAGTGTGAGATGGTATCGCATATGCTTCATAATCTCGGTATAGCTGCATGTTCTCTACATGCAGCGAAG AAACAGAGAGATCGACACTCCACATTGAACGCTTTTAAGAGTACAATGGTGAAGATTTTAGTCGCGACAG ATGTTGCGGCGCGAGGACTTGACTTGCCTGACGTTGAATTGGTGGTCAACTACGATATACCCTCAGATCC TCGTCAGTACATTCACCGAATCGGTCGAACTGCTCGATTTCACGCGACTGGTCAAGCTATATCGCTCGTC ACGCAGTATGATGTAGGAAAAATCAAGAAAATAGAAAAACACCTTGGGCACGAACTCGAAGAATTTCATG TGCAAGAAGCAGATGTTAATAAGTTGGTGGGAGAAGTTTTTGCTTCTAGAAAGATGGCCAAATTACACAT GGCTTCCCCAGGCGGATTCGATGAGCAGCTCAGTGCAAAGAAGAAGCGACAATCGGCTAAGTAA","Ostreococcus lucimarinus"
"NP_001289692.1","transcription factor ovo-like protein",">NP_001289692.1 putative transcription factor ovo-like protein 3 [Pan paniscus] MPRAFLVRSRRPQPPNWGHLPDQLRGDAYIPDCSSLGGPPAQQSSSVRDPWTAQPTQGNLTSAPRGPGTL GCPLCPKAFPLQRMLTRHLKCHSPVRRHLCRCCGKGFHDAFDLKRHMRTHTGIRPFRCSACGKAFTQRCS LEAHLAKVHGQPASYAYRERREKLHVCEDCGFTSSRPDTYAQHRALHRAA","Pan paniscus"
"AAS65930.1","cytochrome oxidase subunit I",">AAS65930.1 cytochrome oxidase subunit I, partial (mitochondrion) [Pan paniscus]
VLGTALSLLIRSELGQPGNLLGNDHIYNVIVTAHAFVMIFFMVMPIMIGGFGNWLVPLMIGAPDMAFPRM
NNMSFWLLPPSLLLLLASAMVEAGAGTGWTVYPPLAGNYSHPGASVDLTIFSLHLAGVSSILGAINFITT
IINMKPPAMTQYQTPLFVWSVLITAVLLLLSLPVLAAGITMLLTDRNLNTTFFDPAGGGD","Pan paniscus"
